row_id,order_id,order_date,ship_date,ship_mode,customer_id,customer_name,segment,country,city,state,region,product_id,category,sub_category,product_name,sales,quantity,discount,profit
1,CA-2016-152156,11-08-16,11-11-16,Second Class,CG-12520,Claire Gute,Consumer,United States,Henderson,Kentucky,South,FUR-BO-10001798,Furniture,Bookcases,Bush Somerset Collection Bookcase,261.96,2,0.0,41.9136
2,CA-2016-152156,11-08-16,11-11-16,Second Class,CG-12520,Claire Gute,Consumer,United States,Henderson,Kentucky,South,FUR-CH-10000454,Furniture,Chairs,"Hon Deluxe Fabric Upholstered Stacking Chairs, Rounded Back",731.94,3,0.0,219.582
3,CA-2016-138688,06-12-16,06-16-16,Second Class,DV-13045,Darrin Van Huff,Corporate,United States,Los Angeles,California,West,OFF-LA-10000240,Office Supplies,Labels,Self-Adhesive Address Labels for Typewriters by Universal,14.62,2,0.0,6.8714
4,US-2015-108966,10-11-15,10-18-15,Standard Class,SO-20335,Sean O'Donnell,Consumer,United States,Fort Lauderdale,Florida,South,FUR-TA-10000577,Furniture,Tables,Bretford CR4500 Series Slim Rectangular Table,957.5775,5,0.45,-383.031
5,US-2015-108966,10-11-15,10-18-15,Standard Class,SO-20335,Sean O'Donnell,Consumer,United States,Fort Lauderdale,Florida,South,OFF-ST-10000760,Office Supplies,Storage,Eldon Fold 'N Roll Cart System,22.368,2,0.2,2.5164
6,CA-2014-115812,06-09-14,06-14-14,Standard Class,BH-11710,Brosina Hoffman,Consumer,United States,Los Angeles,California,West,FUR-FU-10001487,Furniture,Furnishings,"Eldon Expressions Wood and Plastic Desk Accessories, Cherry Wood",48.86,7,0.0,14.1694
7,CA-2014-115812,06-09-14,06-14-14,Standard Class,BH-11710,Brosina Hoffman,Consumer,United States,Los Angeles,California,West,OFF-AR-10002833,Office Supplies,Art,Newell 322,7.28,4,0.0,1.9656
8,CA-2014-115812,06-09-14,06-14-14,Standard Class,BH-11710,Brosina Hoffman,Consumer,United States,Los Angeles,California,West,TEC-PH-10002275,Technology,Phones,Mitel 5320 IP Phone VoIP phone,907.152,6,0.2,90.7152
9,CA-2014-115812,06-09-14,06-14-14,Standard Class,BH-11710,Brosina Hoffman,Consumer,United States,Los Angeles,California,West,OFF-BI-10003910,Office Supplies,Binders,DXL Angle-View Binders with Locking Rings by Samsill,18.504,3,0.2,5.7825
10,CA-2014-115812,06-09-14,06-14-14,Standard Class,BH-11710,Brosina Hoffman,Consumer,United States,Los Angeles,California,West,OFF-AP-10002892,Office Supplies,Appliances,Belkin F5C206VTEL 6 Outlet Surge,114.9,5,0.0,34.47
11,CA-2014-115812,06-09-14,06-14-14,Standard Class,BH-11710,Brosina Hoffman,Consumer,United States,Los Angeles,California,West,FUR-TA-10001539,Furniture,Tables,Chromcraft Rectangular Conference Tables,1706.184,9,0.2,85.3092
12,CA-2014-115812,06-09-14,06-14-14,Standard Class,BH-11710,Brosina Hoffman,Consumer,United States,Los Angeles,California,West,TEC-PH-10002033,Technology,Phones,Konftel 250 Conferenceﾠphoneﾠ- Charcoal black,911.424,4,0.2,68.3568
13,CA-2017-114412,04-15-17,04-20-17,Standard Class,AA-10480,Andrew Allen,Consumer,United States,Concord,North Carolina,South,OFF-PA-10002365,Office Supplies,Paper,Xerox 1967,15.552,3,0.2,5.4432
14,CA-2016-161389,12-05-16,12-10-16,Standard Class,IM-15070,Irene Maddox,Consumer,United States,Seattle,Washington,West,OFF-BI-10003656,Office Supplies,Binders,Fellowes PB200 Plastic Comb Binding Machine,407.976,3,0.2,132.5922
15,US-2015-118983,11-22-15,11-26-15,Standard Class,HP-14815,Harold Pawlan,Home Office,United States,Fort Worth,Texas,Central,OFF-AP-10002311,Office Supplies,Appliances,"Holmes Replacement Filter for HEPA Air Cleaner, Very Large Room, HEPA Filter",68.81,5,0.8,-123.858
16,US-2015-118983,11-22-15,11-26-15,Standard Class,HP-14815,Harold Pawlan,Home Office,United States,Fort Worth,Texas,Central,OFF-BI-10000756,Office Supplies,Binders,Storex DuraTech Recycled Plastic Frosted Binders,2.544,3,0.8,-3.816
17,CA-2014-105893,11-11-14,11-18-14,Standard Class,PK-19075,Pete Kriz,Consumer,United States,Madison,Wisconsin,Central,OFF-ST-10004186,Office Supplies,Storage,"Stur-D-Stor Shelving, Vertical 5-Shelf: 72""H x 36""W x 18 1/2""D",665.88,6,0.0,13.3176
18,CA-2014-167164,05-13-14,05-15-14,Second Class,AG-10270,Alejandro Grove,Consumer,United States,West Jordan,Utah,West,OFF-ST-10000107,Office Supplies,Storage,Fellowes Super Stor/Drawer,55.5,2,0.0,9.99
19,CA-2014-143336,08-27-14,09-01-14,Second Class,ZD-21925,Zuschuss Donatelli,Consumer,United States,San Francisco,California,West,OFF-AR-10003056,Office Supplies,Art,Newell 341,8.56,2,0.0,2.4824
20,CA-2014-143336,08-27-14,09-01-14,Second Class,ZD-21925,Zuschuss Donatelli,Consumer,United States,San Francisco,California,West,TEC-PH-10001949,Technology,Phones,Cisco SPA 501G IP Phone,213.48,3,0.2,16.011
21,CA-2014-143336,08-27-14,09-01-14,Second Class,ZD-21925,Zuschuss Donatelli,Consumer,United States,San Francisco,California,West,OFF-BI-10002215,Office Supplies,Binders,"Wilson Jones Hanging View Binder, White, 1""",22.72,4,0.2,7.384
22,CA-2016-137330,12-09-16,12-13-16,Standard Class,KB-16585,Ken Black,Corporate,United States,Fremont,Nebraska,Central,OFF-AR-10000246,Office Supplies,Art,Newell 318,19.46,7,0.0,5.0596
23,CA-2016-137330,12-09-16,12-13-16,Standard Class,KB-16585,Ken Black,Corporate,United States,Fremont,Nebraska,Central,OFF-AP-10001492,Office Supplies,Appliances,"Acco Six-Outlet Power Strip, 4' Cord Length",60.34,7,0.0,15.6884
24,US-2017-156909,07-16-17,07-18-17,Second Class,SF-20065,Sandra Flanagan,Consumer,United States,Philadelphia,Pennsylvania,East,FUR-CH-10002774,Furniture,Chairs,"Global Deluxe Stacking Chair, Gray",71.372,2,0.3,-1.0196
25,CA-2015-106320,09-25-15,09-30-15,Standard Class,EB-13870,Emily Burns,Consumer,United States,Orem,Utah,West,FUR-TA-10000577,Furniture,Tables,Bretford CR4500 Series Slim Rectangular Table,1044.63,3,0.0,240.2649
26,CA-2016-121755,01-16-16,01-20-16,Second Class,EH-13945,Eric Hoffmann,Consumer,United States,Los Angeles,California,West,OFF-BI-10001634,Office Supplies,Binders,Wilson Jones Active Use Binders,11.648,2,0.2,4.2224
27,CA-2016-121755,01-16-16,01-20-16,Second Class,EH-13945,Eric Hoffmann,Consumer,United States,Los Angeles,California,West,TEC-AC-10003027,Technology,Accessories,Imationﾠ8GB Mini TravelDrive USB 2.0ﾠFlash Drive,90.57,3,0.0,11.7741
28,US-2015-150630,09-17-15,09-21-15,Standard Class,TB-21520,Tracy Blumstein,Consumer,United States,Philadelphia,Pennsylvania,East,FUR-BO-10004834,Furniture,Bookcases,"Riverside Palais Royal Lawyers Bookcase, Royale Cherry Finish",3083.43,7,0.5,-1665.0522
29,US-2015-150630,09-17-15,09-21-15,Standard Class,TB-21520,Tracy Blumstein,Consumer,United States,Philadelphia,Pennsylvania,East,OFF-BI-10000474,Office Supplies,Binders,Avery Recycled Flexi-View Covers for Binding Systems,9.618,2,0.7,-7.0532
30,US-2015-150630,09-17-15,09-21-15,Standard Class,TB-21520,Tracy Blumstein,Consumer,United States,Philadelphia,Pennsylvania,East,FUR-FU-10004848,Furniture,Furnishings,"Howard Miller 13-3/4"" Diameter Brushed Chrome Round Wall Clock",124.2,3,0.2,15.525
31,US-2015-150630,09-17-15,09-21-15,Standard Class,TB-21520,Tracy Blumstein,Consumer,United States,Philadelphia,Pennsylvania,East,OFF-EN-10001509,Office Supplies,Envelopes,Poly String Tie Envelopes,3.264,2,0.2,1.1016
32,US-2015-150630,09-17-15,09-21-15,Standard Class,TB-21520,Tracy Blumstein,Consumer,United States,Philadelphia,Pennsylvania,East,OFF-AR-10004042,Office Supplies,Art,"BOSTON Model 1800 Electric Pencil Sharpeners, Putty/Woodgrain",86.304,6,0.2,9.7092
33,US-2015-150630,09-17-15,09-21-15,Standard Class,TB-21520,Tracy Blumstein,Consumer,United States,Philadelphia,Pennsylvania,East,OFF-BI-10001525,Office Supplies,Binders,"Acco Pressboard Covers with Storage Hooks, 14 7/8"" x 11"", Executive Red",6.858,6,0.7,-5.715
34,US-2015-150630,09-17-15,09-21-15,Standard Class,TB-21520,Tracy Blumstein,Consumer,United States,Philadelphia,Pennsylvania,East,OFF-AR-10001683,Office Supplies,Art,Lumber Crayons,15.76,2,0.2,3.546
35,CA-2017-107727,10-19-17,10-23-17,Second Class,MA-17560,Matt Abelman,Home Office,United States,Houston,Texas,Central,OFF-PA-10000249,Office Supplies,Paper,Easy-staple paper,29.472,3,0.2,9.9468
36,CA-2016-117590,12-08-16,12-10-16,First Class,GH-14485,Gene Hale,Corporate,United States,Richardson,Texas,Central,TEC-PH-10004977,Technology,Phones,GE 30524EE4,1097.544,7,0.2,123.4737
37,CA-2016-117590,12-08-16,12-10-16,First Class,GH-14485,Gene Hale,Corporate,United States,Richardson,Texas,Central,FUR-FU-10003664,Furniture,Furnishings,"Electrix Architect's Clamp-On Swing Arm Lamp, Black",190.92,5,0.6,-147.963
38,CA-2015-117415,12-27-15,12-31-15,Standard Class,SN-20710,Steve Nguyen,Home Office,United States,Houston,Texas,Central,OFF-EN-10002986,Office Supplies,Envelopes,"#10-4 1/8"" x 9 1/2"" Premium Diagonal Seam Envelopes",113.328,9,0.2,35.415
39,CA-2015-117415,12-27-15,12-31-15,Standard Class,SN-20710,Steve Nguyen,Home Office,United States,Houston,Texas,Central,FUR-BO-10002545,Furniture,Bookcases,"Atlantic Metals Mobile 3-Shelf Bookcases, Custom Colors",532.3992,3,0.32,-46.9764
40,CA-2015-117415,12-27-15,12-31-15,Standard Class,SN-20710,Steve Nguyen,Home Office,United States,Houston,Texas,Central,FUR-CH-10004218,Furniture,Chairs,"Global Fabric Manager's Chair, Dark Gray",212.058,3,0.3,-15.147
41,CA-2015-117415,12-27-15,12-31-15,Standard Class,SN-20710,Steve Nguyen,Home Office,United States,Houston,Texas,Central,TEC-PH-10000486,Technology,Phones,Plantronics HL10 Handset Lifter,371.168,4,0.2,41.7564
42,CA-2017-120999,09-10-17,09-15-17,Standard Class,LC-16930,Linda Cazamias,Corporate,United States,Naperville,Illinois,Central,TEC-PH-10004093,Technology,Phones,Panasonic Kx-TS550,147.168,4,0.2,16.5564
43,CA-2016-101343,07-17-16,07-22-16,Standard Class,RA-19885,Ruben Ausman,Corporate,United States,Los Angeles,California,West,OFF-ST-10003479,Office Supplies,Storage,"Eldon Base for stackable storage shelf, platinum",77.88,2,0.0,3.894
44,CA-2017-139619,09-19-17,09-23-17,Standard Class,ES-14080,Erin Smith,Corporate,United States,Melbourne,Florida,South,OFF-ST-10003282,Office Supplies,Storage,"Advantus 10-Drawer Portable Organizer, Chrome Metal Frame, Smoke Drawers",95.616,2,0.2,9.5616
45,CA-2016-118255,03-11-16,03-13-16,First Class,ON-18715,Odella Nelson,Corporate,United States,Eagan,Minnesota,Central,TEC-AC-10000171,Technology,Accessories,"Verbatim 25 GB 6x Blu-ray Single Layer Recordable Disc, 25/Pack",45.98,2,0.0,19.7714
46,CA-2016-118255,03-11-16,03-13-16,First Class,ON-18715,Odella Nelson,Corporate,United States,Eagan,Minnesota,Central,OFF-BI-10003291,Office Supplies,Binders,Wilson Jones Leather-Like Binders with DublLock Round Rings,17.46,2,0.0,8.2062
47,CA-2014-146703,10-20-14,10-25-14,Second Class,PO-18865,Patrick O'Donnell,Consumer,United States,Westland,Michigan,Central,OFF-ST-10001713,Office Supplies,Storage,"Gould Plastics 9-Pocket Panel Bin, 18-3/8w x 5-1/4d x 20-1/2h, Black",211.96,4,0.0,8.4784
48,CA-2016-169194,06-20-16,06-25-16,Standard Class,LH-16900,Lena Hernandez,Consumer,United States,Dover,Delaware,East,TEC-AC-10002167,Technology,Accessories,Imationﾠ8gb Micro Traveldrive Usb 2.0ﾠFlash Drive,45.0,3,0.0,4.95
49,CA-2016-169194,06-20-16,06-25-16,Standard Class,LH-16900,Lena Hernandez,Consumer,United States,Dover,Delaware,East,TEC-PH-10003988,Technology,Phones,"LF Elite 3D Dazzle Designer Hard Case Cover, Lf Stylus Pen and Wiper For Apple Iphone 5c Mini Lite",21.8,2,0.0,6.104
50,CA-2015-115742,04-18-15,04-22-15,Standard Class,DP-13000,Darren Powers,Consumer,United States,New Albany,Indiana,Central,OFF-BI-10004410,Office Supplies,Binders,"C-Line Peel & Stick Add-On Filing Pockets, 8-3/4 x 5-1/8, 10/Pack",38.22,6,0.0,17.9634
51,CA-2015-115742,04-18-15,04-22-15,Standard Class,DP-13000,Darren Powers,Consumer,United States,New Albany,Indiana,Central,OFF-LA-10002762,Office Supplies,Labels,Avery 485,75.18,6,0.0,35.3346
52,CA-2015-115742,04-18-15,04-22-15,Standard Class,DP-13000,Darren Powers,Consumer,United States,New Albany,Indiana,Central,FUR-FU-10001706,Furniture,Furnishings,Longer-Life Soft White Bulbs,6.16,2,0.0,2.9568
53,CA-2015-115742,04-18-15,04-22-15,Standard Class,DP-13000,Darren Powers,Consumer,United States,New Albany,Indiana,Central,FUR-CH-10003061,Furniture,Chairs,"Global Leather Task Chair, Black",89.99,1,0.0,17.0981
54,CA-2016-105816,12-11-16,12-17-16,Standard Class,JM-15265,Janet Molinari,Corporate,United States,New York City,New York,East,OFF-FA-10000304,Office Supplies,Fasteners,Advantus Push Pins,15.26,7,0.0,6.2566
55,CA-2016-105816,12-11-16,12-17-16,Standard Class,JM-15265,Janet Molinari,Corporate,United States,New York City,New York,East,TEC-PH-10002447,Technology,Phones,AT&T CL83451 4-Handset Telephone,1029.95,5,0.0,298.6855
56,CA-2016-111682,06-17-16,06-18-16,First Class,TB-21055,Ted Butterfield,Consumer,United States,Troy,New York,East,OFF-ST-10000604,Office Supplies,Storage,Home/Office Personal File Carts,208.56,6,0.0,52.14
57,CA-2016-111682,06-17-16,06-18-16,First Class,TB-21055,Ted Butterfield,Consumer,United States,Troy,New York,East,OFF-PA-10001569,Office Supplies,Paper,Xerox 232,32.4,5,0.0,15.552
58,CA-2016-111682,06-17-16,06-18-16,First Class,TB-21055,Ted Butterfield,Consumer,United States,Troy,New York,East,FUR-CH-10003968,Furniture,Chairs,Novimex Turbo Task Chair,319.41,5,0.1,7.098
59,CA-2016-111682,06-17-16,06-18-16,First Class,TB-21055,Ted Butterfield,Consumer,United States,Troy,New York,East,OFF-PA-10000587,Office Supplies,Paper,"Array Parchment Paper, Assorted Colors",14.56,2,0.0,6.9888
60,CA-2016-111682,06-17-16,06-18-16,First Class,TB-21055,Ted Butterfield,Consumer,United States,Troy,New York,East,TEC-AC-10002167,Technology,Accessories,Imationﾠ8gb Micro Traveldrive Usb 2.0ﾠFlash Drive,30.0,2,0.0,3.3
61,CA-2016-111682,06-17-16,06-18-16,First Class,TB-21055,Ted Butterfield,Consumer,United States,Troy,New York,East,OFF-BI-10001460,Office Supplies,Binders,Plastic Binding Combs,48.48,4,0.2,16.362
62,CA-2016-111682,06-17-16,06-18-16,First Class,TB-21055,Ted Butterfield,Consumer,United States,Troy,New York,East,OFF-AR-10001868,Office Supplies,Art,Prang Dustless Chalk Sticks,1.68,1,0.0,0.84
63,CA-2015-135545,11-24-15,11-30-15,Standard Class,KM-16720,Kunst Miller,Consumer,United States,Los Angeles,California,West,TEC-AC-10004633,Technology,Accessories,"Verbatim 25 GB 6x Blu-ray Single Layer Recordable Disc, 3/Pack",13.98,2,0.0,6.1512
64,CA-2015-135545,11-24-15,11-30-15,Standard Class,KM-16720,Kunst Miller,Consumer,United States,Los Angeles,California,West,OFF-BI-10001078,Office Supplies,Binders,"Acco PRESSTEX Data Binder with Storage Hooks, Dark Blue, 14 7/8"" X 11""",25.824,6,0.2,9.3612
65,CA-2015-135545,11-24-15,11-30-15,Standard Class,KM-16720,Kunst Miller,Consumer,United States,Los Angeles,California,West,OFF-PA-10003892,Office Supplies,Paper,Xerox 1943,146.73,3,0.0,68.9631
66,CA-2015-135545,11-24-15,11-30-15,Standard Class,KM-16720,Kunst Miller,Consumer,United States,Los Angeles,California,West,FUR-FU-10000397,Furniture,Furnishings,Luxo Economy Swing Arm Lamp,79.76,4,0.0,22.3328
67,US-2015-164175,04-30-15,05-05-15,Standard Class,PS-18970,Paul Stevenson,Home Office,United States,Chicago,Illinois,Central,FUR-CH-10001146,Furniture,Chairs,"Global Value Mid-Back Manager's Chair, Gray",213.115,5,0.3,-15.2225
68,CA-2014-106376,12-05-14,12-10-14,Standard Class,BS-11590,Brendan Sweed,Corporate,United States,Gilbert,Arizona,West,OFF-AR-10002671,Office Supplies,Art,"Hunt BOSTON Model 1606 High-Volume Electric Pencil Sharpener, Beige",1113.024,8,0.2,111.3024
69,CA-2014-106376,12-05-14,12-10-14,Standard Class,BS-11590,Brendan Sweed,Corporate,United States,Gilbert,Arizona,West,TEC-PH-10002726,Technology,Phones,netTALK DUO VoIP Telephone Service,167.968,4,0.2,62.988
70,CA-2016-119823,06-04-16,06-06-16,First Class,KD-16270,Karen Daniels,Consumer,United States,Springfield,Virginia,South,OFF-PA-10000482,Office Supplies,Paper,"Snap-A-Way Black Print Carbonless Ruled Speed Letter, Triplicate",75.88,2,0.0,35.6636
71,CA-2016-106075,09-18-16,09-23-16,Standard Class,HM-14980,Henry MacAllister,Consumer,United States,New York City,New York,East,OFF-BI-10004654,Office Supplies,Binders,Avery Binding System Hidden Tab Executive Style Index Sets,4.616,1,0.2,1.731
72,CA-2017-114440,09-14-17,09-17-17,Second Class,TB-21520,Tracy Blumstein,Consumer,United States,Jackson,Michigan,Central,OFF-PA-10004675,Office Supplies,Paper,"Telephone Message Books with Fax/Mobile Section, 5 1/2"" x 3 3/16""",19.05,3,0.0,8.763
73,US-2015-134026,04-26-15,05-02-15,Standard Class,JE-15745,Joel Eaton,Consumer,United States,Memphis,Tennessee,South,FUR-CH-10000513,Furniture,Chairs,High-Back Leather Manager's Chair,831.936,8,0.2,-114.3912
74,US-2015-134026,04-26-15,05-02-15,Standard Class,JE-15745,Joel Eaton,Consumer,United States,Memphis,Tennessee,South,FUR-FU-10003708,Furniture,Furnishings,"Tenex Traditional Chairmats for Medium Pile Carpet, Standard Lip, 36"" x 48""",97.04,2,0.2,1.213
75,US-2015-134026,04-26-15,05-02-15,Standard Class,JE-15745,Joel Eaton,Consumer,United States,Memphis,Tennessee,South,OFF-ST-10004123,Office Supplies,Storage,Safco Industrial Wire Shelving System,72.784,1,0.2,-18.196
76,US-2017-118038,12-09-17,12-11-17,First Class,KB-16600,Ken Brennan,Corporate,United States,Houston,Texas,Central,OFF-BI-10004182,Office Supplies,Binders,Economy Binders,1.248,3,0.8,-1.9344
77,US-2017-118038,12-09-17,12-11-17,First Class,KB-16600,Ken Brennan,Corporate,United States,Houston,Texas,Central,FUR-FU-10000260,Furniture,Furnishings,"6"" Cubicle Wall Clock, Black",9.708,3,0.6,-5.8248
78,US-2017-118038,12-09-17,12-11-17,First Class,KB-16600,Ken Brennan,Corporate,United States,Houston,Texas,Central,OFF-ST-10000615,Office Supplies,Storage,"SimpliFile Personal File, Black Granite, 15w x 6-15/16d x 11-1/4h",27.24,3,0.2,2.724
79,US-2014-147606,11-26-14,12-01-14,Second Class,JE-15745,Joel Eaton,Consumer,United States,Houston,Texas,Central,FUR-FU-10003194,Furniture,Furnishings,"Eldon Expressions Desk Accessory, Wood Pencil Holder, Oak",19.3,5,0.6,-14.475
80,CA-2016-127208,06-12-16,06-15-16,First Class,SC-20770,Stewart Carmichael,Corporate,United States,Decatur,Alabama,South,OFF-AP-10002118,Office Supplies,Appliances,"1.7 Cubic Foot Compact ""Cube"" Office Refrigerators",208.16,1,0.0,56.2032
81,CA-2016-127208,06-12-16,06-15-16,First Class,SC-20770,Stewart Carmichael,Corporate,United States,Decatur,Alabama,South,OFF-BI-10002309,Office Supplies,Binders,Avery Heavy-Duty EZD  Binder With Locking Rings,16.74,3,0.0,8.0352
82,CA-2014-139451,10-12-14,10-16-14,Standard Class,DN-13690,Duane Noonan,Consumer,United States,San Francisco,California,West,OFF-AR-10002053,Office Supplies,Art,"Premium Writing Pencils, Soft, #2 by Central Association for the Blind",14.9,5,0.0,4.172
83,CA-2014-139451,10-12-14,10-16-14,Standard Class,DN-13690,Duane Noonan,Consumer,United States,San Francisco,California,West,OFF-ST-10002370,Office Supplies,Storage,"Sortfiler Multipurpose Personal File Organizer, Black",21.39,1,0.0,6.2031
84,CA-2015-149734,09-03-15,09-08-15,Standard Class,JC-16105,Julie Creighton,Corporate,United States,Durham,North Carolina,South,OFF-EN-10000927,Office Supplies,Envelopes,Jet-Pak Recycled Peel 'N' Seal Padded Mailers,200.984,7,0.2,62.8075
85,US-2017-119662,11-13-17,11-16-17,First Class,CS-12400,Christopher Schild,Home Office,United States,Chicago,Illinois,Central,OFF-ST-10003656,Office Supplies,Storage,Safco Industrial Wire Shelving,230.376,3,0.2,-48.9549
86,CA-2017-140088,05-28-17,05-30-17,Second Class,PO-18865,Patrick O'Donnell,Consumer,United States,Columbia,South Carolina,South,FUR-CH-10000863,Furniture,Chairs,Novimex Swivel Fabric Task Chair,301.96,2,0.0,33.2156
87,CA-2017-155558,10-26-17,11-02-17,Standard Class,PG-18895,Paul Gonzalez,Consumer,United States,Rochester,Minnesota,Central,TEC-AC-10001998,Technology,Accessories,LogitechﾠLS21 Speaker System - PC Multimedia - 2.1-CH - Wired,19.99,1,0.0,6.7966
88,CA-2017-155558,10-26-17,11-02-17,Standard Class,PG-18895,Paul Gonzalez,Consumer,United States,Rochester,Minnesota,Central,OFF-LA-10000134,Office Supplies,Labels,Avery 511,6.16,2,0.0,2.9568
89,CA-2016-159695,04-05-16,04-10-16,Second Class,GM-14455,Gary Mitchum,Home Office,United States,Houston,Texas,Central,OFF-ST-10003442,Office Supplies,Storage,Eldon Portable Mobile Manager,158.368,7,0.2,13.8572
90,CA-2016-109806,09-17-16,09-22-16,Standard Class,JS-15685,Jim Sink,Corporate,United States,Los Angeles,California,West,OFF-AR-10004930,Office Supplies,Art,Turquoise Lead Holder with Pocket Clip,20.1,3,0.0,6.633
91,CA-2016-109806,09-17-16,09-22-16,Standard Class,JS-15685,Jim Sink,Corporate,United States,Los Angeles,California,West,TEC-PH-10004093,Technology,Phones,Panasonic Kx-TS550,73.584,2,0.2,8.2782
92,CA-2016-109806,09-17-16,09-22-16,Standard Class,JS-15685,Jim Sink,Corporate,United States,Los Angeles,California,West,OFF-PA-10000304,Office Supplies,Paper,Xerox 1995,6.48,1,0.0,3.1104
93,CA-2015-149587,01-31-15,02-05-15,Second Class,KB-16315,Karl Braun,Consumer,United States,Minneapolis,Minnesota,Central,OFF-PA-10003177,Office Supplies,Paper,Xerox 1999,12.96,2,0.0,6.2208
94,CA-2015-149587,01-31-15,02-05-15,Second Class,KB-16315,Karl Braun,Consumer,United States,Minneapolis,Minnesota,Central,FUR-FU-10003799,Furniture,Furnishings,"Seth Thomas 13 1/2"" Wall Clock",53.34,3,0.0,16.5354
95,CA-2015-149587,01-31-15,02-05-15,Second Class,KB-16315,Karl Braun,Consumer,United States,Minneapolis,Minnesota,Central,OFF-BI-10002852,Office Supplies,Binders,Ibico Standard Transparent Covers,32.96,2,0.0,16.1504
96,US-2017-109484,11-06-17,11-12-17,Standard Class,RB-19705,Roger Barcio,Home Office,United States,Portland,Oregon,West,OFF-BI-10004738,Office Supplies,Binders,Flexible Leather- Look Classic Collection Ring Binder,5.682,1,0.7,-3.788
97,CA-2017-161018,11-09-17,11-11-17,Second Class,PN-18775,Parhena Norris,Home Office,United States,New York City,New York,East,FUR-FU-10000629,Furniture,Furnishings,9-3/4 Diameter Round Wall Clock,96.53,7,0.0,40.5426
98,CA-2017-157833,06-17-17,06-20-17,First Class,KD-16345,Katherine Ducich,Consumer,United States,San Francisco,California,West,OFF-BI-10001721,Office Supplies,Binders,Trimflex Flexible Post Binders,51.312,3,0.2,17.9592
99,CA-2016-149223,09-06-16,09-11-16,Standard Class,ER-13855,Elpida Rittenbach,Corporate,United States,Saint Paul,Minnesota,Central,OFF-AP-10000358,Office Supplies,Appliances,Fellowes Basic Home/Office Series Surge Protectors,77.88,6,0.0,22.5852
100,CA-2016-158568,08-29-16,09-02-16,Standard Class,RB-19465,Rick Bensley,Home Office,United States,Chicago,Illinois,Central,OFF-PA-10003256,Office Supplies,Paper,Avery Personal Creations Heavyweight Cards,64.624,7,0.2,22.6184
101,CA-2016-158568,08-29-16,09-02-16,Standard Class,RB-19465,Rick Bensley,Home Office,United States,Chicago,Illinois,Central,TEC-AC-10001767,Technology,Accessories,SanDisk Ultra 64 GB MicroSDHC Class 10 Memory Card,95.976,3,0.2,-10.7973
102,CA-2016-158568,08-29-16,09-02-16,Standard Class,RB-19465,Rick Bensley,Home Office,United States,Chicago,Illinois,Central,OFF-BI-10002609,Office Supplies,Binders,Avery Hidden Tab Dividers for Binding Systems,1.788,3,0.8,-3.0396
103,CA-2016-129903,12-01-16,12-04-16,Second Class,GZ-14470,Gary Zandusky,Consumer,United States,Rochester,Minnesota,Central,OFF-PA-10004040,Office Supplies,Paper,Universal Premium White Copier/Laser Paper (20Lb. and 87 Bright),23.92,4,0.0,11.7208
104,US-2015-156867,11-13-15,11-17-15,Standard Class,LC-16870,Lena Cacioppo,Consumer,United States,Aurora,Colorado,West,TEC-AC-10001552,Technology,Accessories,Logitech K350 2.4Ghz Wireless Keyboard,238.896,6,0.2,-26.8758
105,US-2015-156867,11-13-15,11-17-15,Standard Class,LC-16870,Lena Cacioppo,Consumer,United States,Aurora,Colorado,West,FUR-FU-10004006,Furniture,Furnishings,"Deflect-o DuraMat Lighweight, Studded, Beveled Mat for Low Pile Carpeting",102.36,3,0.2,-3.8385
106,US-2015-156867,11-13-15,11-17-15,Standard Class,LC-16870,Lena Cacioppo,Consumer,United States,Aurora,Colorado,West,OFF-BI-10002794,Office Supplies,Binders,"Avery Trapezoid Ring Binder, 3"" Capacity, Black, 1040 sheets",36.882,3,0.7,-25.8174
107,CA-2017-119004,11-23-17,11-28-17,Standard Class,JM-15250,Janet Martin,Consumer,United States,Charlotte,North Carolina,South,TEC-AC-10003499,Technology,Accessories,Memorex Mini Travel Drive 8 GB USB 2.0 Flash Drive,74.112,8,0.2,17.6016
108,CA-2017-119004,11-23-17,11-28-17,Standard Class,JM-15250,Janet Martin,Consumer,United States,Charlotte,North Carolina,South,TEC-PH-10002844,Technology,Phones,Speck Products Candyshell Flip Case,27.992,1,0.2,2.0994
109,CA-2017-119004,11-23-17,11-28-17,Standard Class,JM-15250,Janet Martin,Consumer,United States,Charlotte,North Carolina,South,OFF-AR-10000390,Office Supplies,Art,Newell Chalk Holder,3.304,1,0.2,1.0738
110,CA-2015-129476,10-15-15,10-20-15,Standard Class,PA-19060,Pete Armstrong,Home Office,United States,Orland Park,Illinois,Central,TEC-AC-10000844,Technology,Accessories,LogitechﾠGaming G510s - Keyboard,339.96,5,0.2,67.992
111,CA-2017-146780,12-25-17,12-30-17,Standard Class,CV-12805,Cynthia Voltz,Corporate,United States,New York City,New York,East,FUR-FU-10001934,Furniture,Furnishings,Magnifier Swing Arm Lamp,41.96,2,0.0,10.9096
112,CA-2016-128867,11-03-16,11-10-16,Standard Class,CL-12565,Clay Ludtke,Consumer,United States,Urbandale,Iowa,Central,OFF-AR-10000380,Office Supplies,Art,"Hunt PowerHouse Electric Pencil Sharpener, Blue",75.96,2,0.0,22.788
113,CA-2016-128867,11-03-16,11-10-16,Standard Class,CL-12565,Clay Ludtke,Consumer,United States,Urbandale,Iowa,Central,OFF-BI-10003981,Office Supplies,Binders,"Avery Durable Plastic 1"" Binders",27.24,6,0.0,13.3476
114,CA-2014-115259,08-25-14,08-27-14,Second Class,RC-19960,Ryan Crowe,Consumer,United States,Columbus,Ohio,East,OFF-FA-10000621,Office Supplies,Fasteners,"OIC Colored Binder Clips, Assorted Sizes",40.096,14,0.2,14.5348
115,CA-2014-115259,08-25-14,08-27-14,Second Class,RC-19960,Ryan Crowe,Consumer,United States,Columbus,Ohio,East,OFF-EN-10002600,Office Supplies,Envelopes,"Redi-Strip #10 Envelopes, 4 1/8 x 9 1/2",4.72,2,0.2,1.652
116,CA-2014-115259,08-25-14,08-27-14,Second Class,RC-19960,Ryan Crowe,Consumer,United States,Columbus,Ohio,East,OFF-PA-10004965,Office Supplies,Paper,Xerox 1921,23.976,3,0.2,7.4925
117,CA-2014-115259,08-25-14,08-27-14,Second Class,RC-19960,Ryan Crowe,Consumer,United States,Columbus,Ohio,East,OFF-EN-10002504,Office Supplies,Envelopes,"Tyvek  Top-Opening Peel & Seel Envelopes, Plain White",130.464,6,0.2,44.0316
118,CA-2015-110457,03-02-15,03-06-15,Standard Class,DK-13090,Dave Kipp,Consumer,United States,Seattle,Washington,West,FUR-TA-10001768,Furniture,Tables,Hon Racetrack Conference Tables,787.53,3,0.0,165.3813
119,US-2015-136476,04-05-15,04-10-15,Standard Class,GG-14650,Greg Guthrie,Corporate,United States,Bristol,Tennessee,South,OFF-BI-10003650,Office Supplies,Binders,GBC DocuBind 300 Electric Binding Machine,157.794,1,0.7,-115.7156
120,CA-2016-103730,06-12-16,06-15-16,First Class,SC-20725,Steven Cartwright,Consumer,United States,Wilmington,Delaware,East,FUR-FU-10002157,Furniture,Furnishings,Artistic Insta-Plaque,47.04,3,0.0,18.3456
121,CA-2016-103730,06-12-16,06-15-16,First Class,SC-20725,Steven Cartwright,Consumer,United States,Wilmington,Delaware,East,OFF-BI-10003910,Office Supplies,Binders,DXL Angle-View Binders with Locking Rings by Samsill,30.84,4,0.0,13.878
122,CA-2016-103730,06-12-16,06-15-16,First Class,SC-20725,Steven Cartwright,Consumer,United States,Wilmington,Delaware,East,OFF-ST-10000777,Office Supplies,Storage,"Companion Letter/Legal File, Black",226.56,6,0.0,63.4368
123,CA-2016-103730,06-12-16,06-15-16,First Class,SC-20725,Steven Cartwright,Consumer,United States,Wilmington,Delaware,East,OFF-EN-10002500,Office Supplies,Envelopes,Globe Weis Peel & Seel First Class Envelopes,115.02,9,0.0,51.759
124,CA-2016-103730,06-12-16,06-15-16,First Class,SC-20725,Steven Cartwright,Consumer,United States,Wilmington,Delaware,East,TEC-PH-10003875,Technology,Phones,KLD Oscar II Style Snap-on Ultra Thin Side Flip Synthetic Leather Cover Case for HTC One HTC M7,68.04,7,0.0,19.7316
125,US-2014-152030,12-26-14,12-28-14,Second Class,AD-10180,Alan Dominguez,Home Office,United States,Houston,Texas,Central,FUR-CH-10004063,Furniture,Chairs,Global Deluxe High-Back Manager's Chair,600.558,3,0.3,-8.5794
126,US-2014-134614,09-20-14,09-25-14,Standard Class,PF-19165,Philip Fox,Consumer,United States,Bloomington,Illinois,Central,FUR-TA-10004534,Furniture,Tables,Bevis 44 x 96 Conference Tables,617.7,6,0.5,-407.682
127,US-2017-107272,11-05-17,11-12-17,Standard Class,TS-21610,Troy Staebel,Consumer,United States,Phoenix,Arizona,West,OFF-BI-10003274,Office Supplies,Binders,"Avery Durable Slant Ring Binders, No Labels",2.388,2,0.7,-1.8308
128,US-2017-107272,11-05-17,11-12-17,Standard Class,TS-21610,Troy Staebel,Consumer,United States,Phoenix,Arizona,West,OFF-ST-10002974,Office Supplies,Storage,"Trav-L-File Heavy-Duty Shuttle II, Black",243.992,7,0.2,30.499
129,US-2016-125969,11-06-16,11-10-16,Second Class,LS-16975,Lindsay Shagiari,Home Office,United States,Los Angeles,California,West,FUR-CH-10001146,Furniture,Chairs,"Global Task Chair, Black",81.424,2,0.2,-9.1602
130,US-2016-125969,11-06-16,11-10-16,Second Class,LS-16975,Lindsay Shagiari,Home Office,United States,Los Angeles,California,West,FUR-FU-10003773,Furniture,Furnishings,Eldon Cleatmat Plus Chair Mats for High Pile Carpets,238.56,3,0.0,26.2416
131,US-2017-164147,02-02-17,02-05-17,First Class,DW-13585,Dorothy Wardle,Corporate,United States,Columbus,Ohio,East,TEC-PH-10002293,Technology,Phones,Anker 36W 4-Port USB Wall Charger Travel Power Adapter for iPhone 5s 5c 5,59.97,5,0.4,-11.994
132,US-2017-164147,02-02-17,02-05-17,First Class,DW-13585,Dorothy Wardle,Corporate,United States,Columbus,Ohio,East,OFF-PA-10002377,Office Supplies,Paper,Xerox 1916,78.304,2,0.2,29.364
133,US-2017-164147,02-02-17,02-05-17,First Class,DW-13585,Dorothy Wardle,Corporate,United States,Columbus,Ohio,East,OFF-FA-10002780,Office Supplies,Fasteners,Staples,21.456,9,0.2,6.9732
134,CA-2016-145583,10-13-16,10-19-16,Standard Class,LC-16885,Lena Creighton,Consumer,United States,Roseville,California,West,OFF-PA-10001804,Office Supplies,Paper,Xerox 195,20.04,3,0.0,9.6192
135,CA-2016-145583,10-13-16,10-19-16,Standard Class,LC-16885,Lena Creighton,Consumer,United States,Roseville,California,West,OFF-PA-10001736,Office Supplies,Paper,Xerox 1880,35.44,1,0.0,16.6568
136,CA-2016-145583,10-13-16,10-19-16,Standard Class,LC-16885,Lena Creighton,Consumer,United States,Roseville,California,West,OFF-AR-10001149,Office Supplies,Art,"Sanford Colorific Colored Pencils, 12/Box",11.52,4,0.0,3.456
137,CA-2016-145583,10-13-16,10-19-16,Standard Class,LC-16885,Lena Creighton,Consumer,United States,Roseville,California,West,OFF-FA-10002988,Office Supplies,Fasteners,Ideal Clamps,4.02,2,0.0,1.9698
138,CA-2016-145583,10-13-16,10-19-16,Standard Class,LC-16885,Lena Creighton,Consumer,United States,Roseville,California,West,OFF-BI-10004781,Office Supplies,Binders,GBC Wire Binding Strips,76.176,3,0.2,26.6616
139,CA-2016-145583,10-13-16,10-19-16,Standard Class,LC-16885,Lena Creighton,Consumer,United States,Roseville,California,West,OFF-SU-10001218,Office Supplies,Supplies,Fiskars Softgrip Scissors,65.88,6,0.0,18.4464
140,CA-2016-145583,10-13-16,10-19-16,Standard Class,LC-16885,Lena Creighton,Consumer,United States,Roseville,California,West,FUR-FU-10001706,Furniture,Furnishings,Longer-Life Soft White Bulbs,43.12,14,0.0,20.6976
141,CA-2016-110366,09-05-16,09-07-16,Second Class,JD-15895,Jonathan Doherty,Corporate,United States,Philadelphia,Pennsylvania,East,FUR-FU-10004848,Furniture,Furnishings,"Howard Miller 13-3/4"" Diameter Brushed Chrome Round Wall Clock",82.8,2,0.2,10.35
142,CA-2017-106180,09-18-17,09-23-17,Standard Class,SH-19975,Sally Hughsby,Corporate,United States,San Francisco,California,West,OFF-AR-10000940,Office Supplies,Art,Newell 343,8.82,3,0.0,2.3814
143,CA-2017-106180,09-18-17,09-23-17,Standard Class,SH-19975,Sally Hughsby,Corporate,United States,San Francisco,California,West,OFF-EN-10004030,Office Supplies,Envelopes,Convenience Packs of Business Envelopes,10.86,3,0.0,5.1042
144,CA-2017-106180,09-18-17,09-23-17,Standard Class,SH-19975,Sally Hughsby,Corporate,United States,San Francisco,California,West,OFF-PA-10004327,Office Supplies,Paper,Xerox 1911,143.7,3,0.0,68.976
145,CA-2017-155376,12-22-17,12-27-17,Standard Class,SG-20080,Sandra Glassco,Consumer,United States,Independence,Missouri,Central,OFF-AP-10001058,Office Supplies,Appliances,Sanyo 2.5 Cubic Foot Mid-Size Office Refrigerators,839.43,3,0.0,218.2518
146,CA-2015-110744,09-07-15,09-12-15,Standard Class,HA-14920,Helen Andreada,Consumer,United States,Pasadena,California,West,OFF-ST-10003656,Office Supplies,Storage,Safco Industrial Wire Shelving,671.93,7,0.0,20.1579
147,CA-2014-110072,10-22-14,10-28-14,Standard Class,MG-17680,Maureen Gastineau,Home Office,United States,Newark,Ohio,East,FUR-FU-10000521,Furniture,Furnishings,"Seth Thomas 14"" Putty-Colored Wall Clock",93.888,4,0.2,12.9096
148,CA-2016-114489,12-05-16,12-09-16,Standard Class,JE-16165,Justin Ellison,Corporate,United States,Franklin,Wisconsin,Central,TEC-PH-10000215,Technology,Phones,Plantronics CordlessﾠPhone Headsetﾠwith In-line Volume - M214C,384.45,11,0.0,103.8015
149,CA-2016-114489,12-05-16,12-09-16,Standard Class,JE-16165,Justin Ellison,Corporate,United States,Franklin,Wisconsin,Central,TEC-PH-10001448,Technology,Phones,Anker Astro 15000mAh USB Portable Charger,149.97,3,0.0,5.9988
150,CA-2016-114489,12-05-16,12-09-16,Standard Class,JE-16165,Justin Ellison,Corporate,United States,Franklin,Wisconsin,Central,FUR-CH-10000454,Furniture,Chairs,"Hon Deluxe Fabric Upholstered Stacking Chairs, Rounded Back",1951.84,8,0.0,585.552
151,CA-2016-114489,12-05-16,12-09-16,Standard Class,JE-16165,Justin Ellison,Corporate,United States,Franklin,Wisconsin,Central,OFF-BI-10002735,Office Supplies,Binders,GBC Prestige Therm-A-Bind Covers,171.55,5,0.0,80.6285
152,CA-2016-158834,03-13-16,03-16-16,First Class,TW-21025,Tamara Willingham,Home Office,United States,Scottsdale,Arizona,West,OFF-AP-10000326,Office Supplies,Appliances,Belkin 7 Outlet SurgeMaster Surge Protector with Phone Protection,157.92,5,0.2,17.766
153,CA-2016-158834,03-13-16,03-16-16,First Class,TW-21025,Tamara Willingham,Home Office,United States,Scottsdale,Arizona,West,TEC-PH-10001254,Technology,Phones,Jabra BIZ 2300 Duo QD Duo CordedﾠHeadset,203.184,2,0.2,15.2388
154,CA-2015-124919,05-31-15,06-02-15,First Class,SP-20650,Stephanie Phelps,Corporate,United States,San Jose,California,West,OFF-PA-10001950,Office Supplies,Paper,Southworth 25% Cotton Antique Laid Paper & Envelopes,58.38,7,0.0,26.271
155,CA-2015-124919,05-31-15,06-02-15,First Class,SP-20650,Stephanie Phelps,Corporate,United States,San Jose,California,West,OFF-PA-10002254,Office Supplies,Paper,Xerox 1883,105.52,4,0.0,48.5392
156,CA-2015-124919,05-31-15,06-02-15,First Class,SP-20650,Stephanie Phelps,Corporate,United States,San Jose,California,West,OFF-ST-10001590,Office Supplies,Storage,"Tenex Personal Project File with Scoop Front Design, Black",80.88,6,0.0,21.0288
157,CA-2015-118948,05-28-15,06-03-15,Standard Class,NK-18490,Neil Knudson,Home Office,United States,Seattle,Washington,West,OFF-AR-10001547,Office Supplies,Art,Newell 311,6.63,3,0.0,1.7901
158,CA-2014-104269,03-01-14,03-06-14,Second Class,DB-13060,Dave Brooks,Consumer,United States,Seattle,Washington,West,FUR-CH-10004063,Furniture,Chairs,Global Deluxe High-Back Manager's Chair,457.568,2,0.2,51.4764
159,CA-2016-114104,11-20-16,11-24-16,Standard Class,NP-18670,Nora Paige,Consumer,United States,Edmond,Oklahoma,Central,OFF-LA-10002475,Office Supplies,Labels,Avery 519,14.62,2,0.0,6.8714
160,CA-2016-114104,11-20-16,11-24-16,Standard Class,NP-18670,Nora Paige,Consumer,United States,Edmond,Oklahoma,Central,TEC-PH-10004536,Technology,Phones,Avaya 5420 Digital phone,944.93,7,0.0,236.2325
161,CA-2016-162733,05-11-16,05-12-16,First Class,TT-21070,Ted Trevino,Consumer,United States,Los Angeles,California,West,OFF-PA-10002751,Office Supplies,Paper,Xerox 1920,5.98,1,0.0,2.691
162,CA-2015-119697,12-28-15,12-31-15,Second Class,EM-13960,Eric Murdock,Consumer,United States,Philadelphia,Pennsylvania,East,TEC-AC-10003657,Technology,Accessories,Lenovo 17-Key USB Numeric Keypad,54.384,2,0.2,1.3596
163,CA-2016-154508,11-16-16,11-20-16,Standard Class,RD-19900,Ruben Dartt,Consumer,United States,Carlsbad,New Mexico,West,OFF-EN-10001990,Office Supplies,Envelopes,Staple envelope,28.4,5,0.0,13.348
164,CA-2016-113817,11-07-16,11-11-16,Standard Class,MJ-17740,Max Jones,Consumer,United States,Seattle,Washington,West,OFF-BI-10004002,Office Supplies,Binders,Wilson Jones International Size A4 Ring Binders,27.68,2,0.2,9.688
165,CA-2014-139892,09-08-14,09-12-14,Standard Class,BM-11140,Becky Martin,Consumer,United States,San Antonio,Texas,Central,OFF-AR-10004441,Office Supplies,Art,BIC Brite Liner Highlighters,9.936,3,0.2,2.7324
166,CA-2014-139892,09-08-14,09-12-14,Standard Class,BM-11140,Becky Martin,Consumer,United States,San Antonio,Texas,Central,TEC-MA-10000822,Technology,Machines,Lexmark MX611dhe Monochrome Laser Printer,8159.952,8,0.4,-1359.992
167,CA-2014-139892,09-08-14,09-12-14,Standard Class,BM-11140,Becky Martin,Consumer,United States,San Antonio,Texas,Central,OFF-ST-10000991,Office Supplies,Storage,Space Solutions HD Industrial Steel Shelving.,275.928,3,0.2,-58.6347
168,CA-2014-139892,09-08-14,09-12-14,Standard Class,BM-11140,Becky Martin,Consumer,United States,San Antonio,Texas,Central,FUR-CH-10004287,Furniture,Chairs,SAFCO Arco Folding Chair,1740.06,9,0.3,-24.858
169,CA-2014-139892,09-08-14,09-12-14,Standard Class,BM-11140,Becky Martin,Consumer,United States,San Antonio,Texas,Central,OFF-AR-10002656,Office Supplies,Art,Sanford Liquid Accent Highlighters,32.064,6,0.2,6.8136
,,,,,,,,,,,,,,,,,,,

